country,year,water_pct,norm_water,norm_water_withpts,norm_water_withpts_log5,water_log32_n,country_c
 Albania,2018.0,83.81984159,0.7723103528160119,3.861551764,24.71393129,24.71393129011238,Albania
 Algeria,2018.0,85.88565628,0.8013808109657231,4.006904055,25.64418595,25.64418595090314,Algeria
 American Samoa,2017.5,94.36839439,0.9207511903203754,4.603755951,29.46403809,29.464038090252014,American Samoa
 Andorra,2018.0,95.31999908,0.9341423160828288,4.67071158,29.89255411,29.892554114650522,Andorra
 Antigua and Barbuda,2018.0,98.36514458,0.9769940661676977,4.884970331,31.26381012,31.263810117366326,Antigua and Barbuda
 Argentina,2015.0,98.98230999,0.985678911575034,4.928394558,31.54172517,31.541725170401087,Argentina
 Armenia,2018.0,92.1241595,0.8891699760112323,4.44584988,28.45343923,28.453439232359433,Armenia
 Australia,2018.0,99.96893926,0.9995629085480706,4.997814543,31.98601307,31.98601307353826,Australia
 Austria,2018.0,99.45205888,0.9922892893178787,4.961446446,31.75325726,31.75325725817212,Austria
 Azerbaijan,2017.545455,83.89854895,0.7734179347429052,3.867089673,24.74937391,24.749373911772967,Azerbaijan
 Bahamas,2016.5,98.87983311,0.9842368413517106,4.921184207,31.49557892,31.49557892325474,Bahamas
 Bahrain,2018.0,99.61095803,0.994525342296135,4.972626711,31.82481095,31.82481095347632,Bahrain
 Bangladesh,2018.0,69.50549641,0.5708767128530262,2.854383565,18.26805481,18.26805481129684,Bangladesh
 Barbados,2017.25,96.19134016,0.9464039601319685,4.732019801,30.28492673,30.28492672422299,Barbados
 Belarus,2018.0,96.13284829,0.9455808536514287,4.727904268,30.25858731,30.25858731684572,Belarus
 Belgium,2018.0,99.85309253,0.997932695764442,4.989663478,31.93384626,31.933846264462144,Belgium
 Belize,2018.0,94.24368722,0.9189962920790167,4.594981461,29.40788135,29.407881346528534,Belize
 Benin,2018.0,42.56033585,0.19170032002917442,0.9585016,6.134410241,6.1344102409335814,Benin
 Bermuda,2018.0,99.90314002,0.9986369716467782,4.993184858,31.95638309,31.956383092696903,Bermuda
 Bhutan,2018.0,82.96004754,0.7602112003272206,3.801056001,24.32675841,24.326758410471058,Bhutan
 Bolivia ,2018.0,59.52066045,0.4303685843592214,2.151842922,13.7717947,13.771794699495084,Bolivia
" Bonaire, Sint Eustatius and Saba",2018.0,98.66824483,0.9812593389317287,4.906296695,31.40029885,31.400298845815318,"Bonaire, Saint Eustatius and Saba"
 Bosnia and Herzegovina,2017.571429,94.60757888,0.9241170307998063,4.620585154,29.57174498,29.571744985593803,Bosnia and Herzegovina
 Botswana,2018.0,97.02339059,0.9581127001853972,4.790563501,30.6596064,30.65960640593271,Botswana
 Brazil,2018.0,91.65935121,0.8826291231421475,4.413145616,28.24413194,28.24413194054872,Brazil
 British Virgin Islands,2018.0,99.86438356,0.9980915848538995,4.990457924,31.93893072,31.938930715324783,British Virgin Islands
 Brunei Darussalam,2018.0,99.9000434,0.9985933955397096,4.992966978,31.95498866,31.954988657270707,Brunei Darussalam
 Bulgaria,2018.0,97.73069497,0.9680659948722005,4.840329974,30.97811183,30.978111835910415,Bulgaria
 Burkina Faso,2018.0,42.97643941,0.19755579253863056,0.987778963,6.321785363,6.321785361236178,Burkina Faso
 Burundi,2018.0,43.38852389,0.2033547079437609,1.01677354,6.507350653,6.507350654200349,Burundi
 Cote d'Ivoire,2018.0,46.86389146,0.25226060835564523,1.261303042,8.072339466,8.072339467380647,Cote d'Ivoire
 Cabo Verde,2018.0,96.54791497,0.9514217350280053,4.757108675,30.44549552,30.44549552089617,Cabo Verde
 Cambodia,2018.0,61.3475277,0.4560765378331133,2.280382689,14.59444921,14.594449210659626,Cambodia
 Cameroon,2018.235294,59.60495012,0.4315547214004813,2.157773607,13.80975109,13.809751084815401,Cameroon
 Canada,2018.0,99.085957,0.9871374480454795,4.93568724,31.58839834,31.588398337455345,Canada
 Cayman Islands,2018.0,95.64877301,0.938768872772084,4.693844364,30.04060393,30.040603928706687,Cayman Islands
 Central African Republic,2018.0,30.02174913,0.015255422882914817,0.076277114,0.488173533,0.48817353225327415,Central African Republic
 Chad,2018.0,30.52929526,0.022397689129076918,0.111988445,0.716726051,0.7167260521304614,Chad
 Chile,2018.0,99.23101771,0.9891787643937637,4.945893822,31.65372046,31.65372046060044,Chile
 China,2018.6,96.25994007,0.9473693084869698,4.736846542,30.31581787,30.315817871583032,China
 Colombia,2018.0,79.8526758,0.7164837931398582,3.582418966,22.92748138,22.927481380475463,Colombia
 Comoros,2016.0,65.88940152,0.5199904762152526,2.599952381,16.63969524,16.639695238888084,Comoros
 Democratic Republic of the Congo,2017.227273,59.71960084,0.4331681037496959,2.165840519,13.86137932,13.861379319990268,DR Congo
 Cook Islands,2018.0,99.96496607,0.9995069972147963,4.997534986,31.98422391,31.98422391087348,Cook Islands
 Costa Rica,2018.0,88.52599958,0.8385361229959226,4.192680615,26.83315594,26.833155935869524,Costa Rica
 Cuba,2018.0,93.41611267,0.9073505372889098,4.536752686,29.03521719,29.035217193245114,Cuba
 Cyprus,2018.0,99.61867072,0.9946338764415024,4.973169382,31.82828404,31.828284046128076,Cyprus
 Czechia,2018.0,98.88108501,0.9842544582786953,4.921272291,31.49614267,31.49614266491825,Czechia
 Democratic People's Republic of Korea,2018.0,80.8643517,0.7307202500952598,3.65360125,23.383048,23.383048003048312,North Korea
 Democratic Republic of the Congo,2018.0,28.93766313,0.0,0.0,0.0,0.0,DR Congo
 Denmark,2018.0,99.75142052,0.9965019517940319,4.982509759,31.88806246,31.88806245740902,Denmark
 Djibouti,2018.0,90.70138491,0.8691484758373385,4.345742379,27.81275123,27.81275122679483,Djibouti
 Dominica,2015.5,95.42065606,0.9355587763968787,4.677793882,29.93788084,29.937880844700118,Dominica
 Dominican Republic,2018.0,63.87142197,0.49159316142258463,2.457965807,15.73098117,15.730981165522708,Dominican Republic
 Ecuador,2018.0,82.63701001,0.7556653671302211,3.778326836,24.18129175,24.181291748167077,Ecuador
 Egypt,2017.5625,94.7038702,0.9254720568831188,4.627360284,29.61510582,29.615105820259803,Egypt
 El Salvador,2017.285714,94.89391492,0.9281463950539515,4.640731976,29.70068464,29.700684641726447,El Salvador
 Equatorial Guinea,2015.166667,52.89472703,0.3371274426821421,1.685637213,10.78807817,10.788078165828548,Equatorial Guinea
 Eritrea,2015.0,69.17346052,0.5662042533671044,2.831021267,18.11853611,18.118536107747342,Eritrea
 Estonia,2018.0,98.42604717,0.9778510966663064,4.889255483,31.29123509,31.291235093321806,Estonia
 Eswatini,2017.5625,54.85730145,0.364745088068478,1.823725441,11.67184282,11.671842818191296,Eswatini
 Ethiopia,2018.0,29.81572587,0.012356232269793084,0.061781161,0.395399432,0.3953994326333787,Ethiopia
 Falkland Islands (Malvinas),2017.0,95.01859789,0.9299009527492337,4.649504764,29.75683049,29.756830487975478,Falkland Islands
 Faroe Islands,2018.0,100.0,1.0,5.0,32.0,32.0,Faroe Islands
 Fiji,2018.375,73.14917031,0.6221510455092356,3.110755228,19.90883346,19.90883345629554,Fiji
 Finland,2018.0,99.80308142,0.9972289318269923,4.986144659,31.91132582,31.911325818463755,Finland
 France,2018.0,99.61847794,0.994631163612056,4.973155818,31.82819723,31.82819723558579,France
 French Guiana,2018.0,92.53456926,0.8949453245021043,4.474726622,28.63825038,28.638250384067337,French Guiana
 French Polynesia,2018.0,92.6092457,0.8959961827103928,4.479980914,28.67187785,28.67187784673257,French Polynesia
 Gabon,2018.0,93.51510287,0.9087435424215878,4.543717712,29.07979336,29.07979335749081,Gabon
 Gambia,2018.0,49.33768462,0.28707220151399443,1.435361008,9.18631045,9.186310448447822,Gambia
 Georgia,2018.0,85.64379425,0.7979772917366487,3.989886458,25.53527333,25.535273335572757,Georgia
 Germany,2018.0,99.95299308,0.9993385114806175,4.996692557,31.97883237,31.97883236737976,Germany
 Ghana,2018.0,56.99414363,0.39481505584774057,1.97407528,12.63408179,12.634081787127698,Ghana
 Gibraltar,2018.0,100.0,1.0,5.0,32.0,32.0,Gibraltar
 Greece,2018.0,99.51864376,0.9932262818646032,4.966131409,31.78324102,31.7832410196673,Greece
 Greenland,2018.0,100.0,1.0,5.0,32.0,32.0,Greenland
 Grenada,2015.5,93.35390602,0.9064751558598723,4.532375779,29.00720499,29.007204987515912,Grenada
 Guadeloupe,2018.0,98.30785511,0.9761878800426227,4.8809394,31.23801216,31.238012161363926,Guadeloupe
 Guam,2018.0,99.37749587,0.9912400273137824,4.956200136,31.71968087,31.719680874041035,Guam
 Guatemala,2017.625,75.15468851,0.6503730022916145,3.251865012,20.81193608,20.811936073331665,Guatemala
 Guinea,2018.0,50.22304824,0.2995311728762741,1.497655864,9.584997531,9.584997532040772,Guinea
 Guinea-Bissau,2018.0,37.21367809,0.11646133978312556,0.582306699,3.726762872,3.726762873060018,Guinea-Bissau
 Guyana,2018.0,88.69029243,0.8408480769399724,4.204240385,26.90713846,26.907138462079118,Guyana
 Haiti,2018.0,49.11279314,0.28390749444263247,1.419537472,9.085039822,9.085039822164239,Haiti
 Honduras,2018.0,81.04027778,0.7331959086191531,3.665979543,23.46226908,23.462269075812898,Honduras
 Hungary,2018.0,97.90296343,0.9704901828117998,4.852450914,31.05568585,31.055685849977593,Hungary
 Iceland,2018.0,99.64410018,0.9949917236657855,4.974958618,31.83973516,31.839735157305135,Iceland
 India,2018.0,81.60655093,0.7411645904123783,3.705822952,23.71726689,23.717266893196104,India
 Indonesia,2018.0,66.3760805,0.5268390967565432,2.634195484,16.8588511,16.85885109620938,Indonesia
 Iran ,2018.0,96.39998389,0.9493400263970239,4.746700132,30.37888085,30.378880844704764,Iran
 Iraq,2018.0,83.96675773,0.7743777790571271,3.871888895,24.78008893,24.780088929828068,Iraq
 Ireland,2018.0,95.8411995,0.9414767275721875,4.707383638,30.12725528,30.12725528231,Ireland
 Isle of Man,2018.0,98.84600364,0.9837607879106046,4.91880394,31.48034521,31.480345213139348,Isle of Man
 Israel,2018.0,99.76434859,0.9966838775590634,4.983419388,31.89388408,31.89388408189003,Israel
 Italy,2018.0,96.71326188,0.9537485218645049,4.768742609,30.5199527,30.519952699664156,Italy
 Jamaica,2017.363636,90.79295897,0.8704371199212999,4.3521856,27.85398784,27.853987837481597,Jamaica
 Japan,2018.0,98.76609062,0.9826362397530314,4.913181199,31.44435967,31.444359672097004,Japan
 Jordan,2018.0,89.85667697,0.8572616173803009,4.286308087,27.43237176,27.43237175616963,Jordan
 Kazakhstan,2017.227273,94.37659615,0.9208666067330807,4.604333033,29.46773141,29.467731415458584,Kazakhstan
 Kenya,2018.0,53.00398875,0.3386649902046769,1.693324951,10.83727969,10.83727968654966,Kenya
 Kiribati,2018.153846,48.19246649,0.2709565180107199,1.35478259,8.670608576,8.670608576343037,Kiribati
 Kuwait,2018.0,100.0,1.0,5.0,32.0,32.0,Kuwait
 Kyrgyzstan,2018.0,86.65147664,0.8121575514126489,4.060787757,25.98904165,25.989041645204765,Kyrgyz Republic
 Laos,2017.846154,52.38865466,0.330005915410589,1.650029577,10.56018929,10.560189293138848,Laos
 Latvia,2018.0,97.66907279,0.9671988381937938,4.835994191,30.95036282,30.950362822201402,Latvia
 Lebanon,2018.0,73.34195804,0.6248639837334974,3.124319918,19.99564748,19.995647479471916,Lebanon
 Lesotho,2018.0,38.08257703,0.12868861766718315,0.643443088,4.118035764,4.118035765349861,Lesotho
 Liberia,2018.0,42.22297758,0.1869529632033335,0.934764816,5.982494824,5.982494822506672,Liberia
 Libya,2018.0,98.92489097,0.9848709024026782,4.924354512,31.51586888,31.5158688768857,Libya
 Liechtenstein,2018.0,100.0,1.0,5.0,32.0,32.0,Liechtenstein
 Lithuania,2018.0,95.73115622,0.9399281818186006,4.699640909,30.07770182,30.07770181819522,Lithuania
 Luxembourg,2018.0,99.72740585,0.9961640137095592,4.980820069,31.87724844,31.877248438705895,Luxembourg
 Madagascar,2018.0,32.43878108,0.049268263671160606,0.246341319,1.576584438,1.5765844374771394,Madagascar
 Malawi,2018.0,39.64565474,0.15068448466012285,0.753422424,4.821903511,4.821903509123931,Malawi
 Malaysia,2018.0,95.58355825,0.9378511607621439,4.689255804,30.01123715,30.011237144388605,Malaysia
 Maldives,2017.764706,97.68616335,0.9674393391504577,4.837196696,30.95805885,30.958058852814645,Maldives
 Mali,2018.0,49.61716771,0.2910051300146611,1.45502565,9.312164161,9.312164160469155,Mali
 Malta,2018.0,99.92147566,0.9988949935583508,4.994474968,31.96463979,31.964639793867224,Malta
 Marshall Islands,2017.764706,91.34705981,0.8782345111190263,4.391172556,28.10350436,28.10350435580884,Marshall Islands
 Martinique,2018.0,99.31970214,0.9904267451653818,4.952133726,31.69365585,31.693655845292216,Martinique
 Mauritania,2018.0,64.98904062,0.5073204608504736,2.536602304,16.23425475,16.234254747215154,Mauritania
 Mauritius,2018.0,99.91658429,0.9988261614566293,4.994130808,31.96243717,31.962437166612137,Mauritius
 Mayotte,2018.0,94.49034546,0.922467304303836,4.612336522,29.51895374,29.518953737722754,Mayotte
 Mexico,2018.0,77.90792857,0.6891170146794526,3.445585074,22.05174447,22.051744469742484,Mexico
 Micronesia (Federated States of),2017.0,90.14041675,0.8612544466693106,4.306272233,27.56014229,27.56014229341794,"Micronesia, Fed. Sts."
 Monaco,2018.0,100.0,1.0,5.0,32.0,32.0,Monaco
 Mongolia,2018.0,68.37923914,0.5550278494521453,2.775139247,17.76089118,17.76089118246865,Mongolia
 Montenegro,2018.0,94.47485256,0.9222492858614038,4.611246429,29.51197715,29.51197714756492,Montenegro
 Montserrat,2018.0,98.07437366,0.9729022936084596,4.864511468,31.1328734,31.132873395470707,Montserrat
 Mozambique,2017.363636,55.35354327,0.3717282783470051,1.858641392,11.89530491,11.895304907104164,Mozambique
 Myanmar,2018.0,69.63011056,0.5726303021028135,2.86315151,18.32416967,18.324169667290032,Myanmar
 Namibia,2017.230769,77.04421831,0.676962752688603,3.384813764,21.66280809,21.662808086035295,Namibia
 Nauru,2016.5,97.01533889,0.9579993954398083,4.789996977,30.65598065,30.655980654073865,Nauru
 Nepal,2018.0,57.88217608,0.4073115833912204,2.036557917,13.03397067,13.033970668519054,Nepal
 New Caledonia,2018.0,97.4779087,0.9645087480782701,4.82254374,30.86427994,30.864279938504644,New Caledonia
 New Zealand,2018.0,98.50749992,0.9789973121383505,4.89498656,31.32791399,31.327913988427216,New Zealand
 Nicaragua,2017.0,69.13149002,0.5656136381150788,2.828068191,18.09963642,18.099636419682522,Nicaragua
 Niger,2018.0,42.42600928,0.18981005612966698,0.94905028,6.073921795,6.073921796149343,Niger
 Nigeria,2018.0,45.35020741,0.23095981644995406,1.154799082,7.390714128,7.39071412639853,Nigeria
 Niue,2018.0,95.77068011,0.9404843680030248,4.70242184,30.09549978,30.095499776096794,Niue
 North Macedonia,2018.0,93.15576429,0.9036868753342475,4.518434377,28.91798001,28.91798001069592,North Macedonia
 Northern Mariana Islands,2018.0,95.07352689,0.9306739219818736,4.65336961,29.7815655,29.781565503419955,Northern Mariana Islands
 Norway,2018.0,99.52012485,0.9932471239880857,4.96623562,31.78390797,31.78390796761874,Norway
 Oman,2017.846154,95.34812263,0.9345380749508696,4.672690375,29.9052184,29.905218398427827,Oman
 Pakistan,2018.0,71.24164924,0.5953081192276305,2.976540596,19.04985981,19.049859815284176,Pakistan
 Palau,2018.0,92.52710244,0.8948402502767285,4.474201251,28.63488801,28.634888008855313,Palau
 Panama,2018.0,95.62642217,0.9384543483561351,4.692271741,30.03053915,30.030539147396322,Panama
 Papua New Guinea,2018.0,38.9501944,0.14089786110350863,0.704489306,4.508731556,4.508731555312276,Papua New Guinea
 Paraguay,2017.72,80.67654456,0.7280773994901133,3.640386997,23.29847678,23.298476783683626,Paraguay
 Peru,2018.0,71.96986822,0.6055557273429135,3.027778636,19.37778327,19.377783274973233,Peru
 Philippines,2018.0,74.9226414,0.647107600107832,3.235538,20.7074432,20.707443203450623,Philippines
 Poland,2018.0,91.5781881,0.8814869835281848,4.407434918,28.20758347,28.207583472901913,Poland
 Portugal,2018.0,97.03479952,0.9582732483815657,4.791366242,30.66474395,30.664743948210102,Portugal
 Puerto Rico,2018.0,99.09721732,0.9872959049791519,4.936479525,31.59346896,31.59346895933286,Puerto Rico
 Qatar,2018.0,98.43356106,0.9779568332678729,4.889784166,31.29461866,31.29461866457193,Qatar
 Reunion,2018.0,98.09539029,0.9731980428185995,4.865990214,31.14233737,31.142337370195182,Reunion
 Republic of Korea,2018.0,99.2891603,0.9899969557530821,4.949984779,31.67990258,31.679902584098627,South Korea
 Republic of Moldova,2017.571429,83.39126654,0.7662793796046465,3.831396898,24.52094015,24.52094014734869,Moldova
 Romania,2018.0,90.97823524,0.8730443557393246,4.365221779,27.93741938,27.937419383658387,Romania
 Russian Federation,2018.0,86.60190715,0.8114600020189289,4.05730001,25.96672006,25.966720064605724,Russia
 Rwanda,2018.0,48.21614841,0.2712897735866423,1.356448868,8.681272757,8.681272754772554,Rwanda
 Saint Bartholemy,2018.0,99.96845941,0.9995561560259733,4.99778078,31.98579699,31.985796992831144,St. Barths
" Saint Helena, Ascension and Tristan da Cunha",2018.0,94.11203111,0.9171436072983171,4.585718037,29.34859543,29.348595433546148,St. Helena
 Saint Kitts and Nevis,2015.5,98.61185413,0.9804658004346318,4.902329002,31.37490561,31.37490561390822,St. Kitts and Nevis
 Saint Lucia,2017.25,95.48677399,0.9364891979522655,4.68244599,29.96765433,29.967654334472495,St. Lucia
 Saint Martin (French part),2018.0,98.29757472,0.9760432128327783,4.880216064,31.23338281,31.233382810648905,Saint-Martin
 Saint Pierre and Miquelon,2017.0,87.26415,0.8207791840099671,4.10389592,26.26493389,26.264933888318946,St. Pierre and Miquelon
 Saint Vincent and the Grenadines,2016.0,97.71667431,0.9678686940147062,4.83934347,30.97179821,30.9717982084706,St. Vincent and the Grenadines
 American Samoa,2018.28,77.95940264,0.6898413656122704,3.449206828,22.0749237,22.074923699592652,American Samoa
 San Marino,2018.0,100.0,1.0,5.0,32.0,32.0,San Marino
 Sao Tome and Principe,2018.0,60.50205689,0.44417894415354314,2.220894721,14.21372622,14.21372621291338,Sao Tome and Principe
 Saudi Arabia,2018.5,99.32836333,0.9905486267468423,4.952743134,31.69755606,31.697556055898954,Saudi Arabia
 Senegal,2018.0,44.03201802,0.21241005509871297,1.062050276,6.797121764,6.797121763158815,Senegal
 Serbia,2017.789474,87.80958981,0.8284546958777772,4.14227348,26.51055027,26.51055026808887,Serbia
 Seychelles,2018.0,96.12614105,0.9454864683512061,4.727432341,30.25556699,30.255566987238595,Seychelles
 Sierra Leone,2018.0,31.10375112,0.03048151926051342,0.152407596,0.975408617,0.9754086163364294,Sierra Leone
 Singapore,2018.0,100.0,1.0,5.0,32.0,32.0,Singapore
 Sint Maarten,2015.5,95.31117933,0.9340182032209603,4.670091016,29.8885825,29.88858250307073,Sint Maarten
 Slovakia,2018.0,99.52116377,0.9932617438281551,4.966308719,31.7843758,31.784375802500964,Slovakia
 Slovenia,2018.0,98.19757223,0.9746359626014366,4.873179813,31.1883508,31.18835080324597,Slovenia
 Solomon Islands,2017.071429,58.54928784,0.4166992814234481,2.083496407,13.33437701,13.334377005550339,Solomon Islands
 Somalia,2018.0,51.95002347,0.32383343066944653,1.619167154,10.36266978,10.362669781422289,Somalia
 South Africa,2017.5625,73.10471575,0.6215254741875195,3.107627371,19.88881518,19.888815174000623,South Africa
 South Sudan,2018.235294,42.712079,0.19383567268831364,0.969178363,6.202741525,6.202741526026037,South Sudan
 Spain,2018.0,99.74100159,0.996355335028261,4.981776675,31.88337072,31.883370720904352,Spain
 Sri Lanka,2018.375,72.84904679,0.6179276617419801,3.089638308,19.77368517,19.773685175743363,Sri Lanka
 State of Palestine,2018.0,90.70079956,0.8691402387032138,4.345701194,27.81248764,27.81248763850284,Palestine
 Sudan,2018.0,51.76087427,0.32117169439209864,1.605858472,10.27749422,10.277494220547156,Sudan
 Suriname,2018.0,75.0932259,0.6495080911064892,3.247540456,20.78425892,20.784258915407655,Suriname
 Sweden,2018.0,99.69497971,0.9957077081414026,4.978538541,31.86264666,31.862646660524884,Sweden
 Switzerland,2018.0,98.34999917,0.976780937657335,4.883904689,31.25699001,31.25699000503472,Switzerland
 Syrian Arab Republic,2018.0,91.92135284,0.8863160498819661,4.43158025,28.3621136,28.362113596222915,Syria
 Turkey,2018.0,98.68838339,0.9815427318074348,4.907713659,31.40936742,31.409367417837913,Türkiye
 Tajikistan,2018.0,69.62954066,0.572622282383436,2.863111412,18.32391304,18.323913036269953,Tajikistan
 Thailand,2018.0,92.27633039,0.8913113478926322,4.456556739,28.52196313,28.52196313256423,Thailand
 The Netherlands ,2018.0,99.9863085,0.9998073311320307,4.999036655,31.99383459,31.993834596224982,Netherlands
 Timor-Leste,2017.5625,58.76052075,0.41967178302280334,2.098358915,13.42949706,13.429497056729707,Timor-Leste
 Togo,2018.0,35.34554017,0.09017261917128394,0.450863096,2.885523813,2.885523813481086,Togo
 Tokelau,2018.0,99.61498011,0.9945819416169167,4.972909708,31.82662213,31.826622131741335,Tokelau
 Tonga,2018.153846,66.06326434,0.522437100230982,2.612185501,16.71798721,16.717987207391424,Tonga
 Trinidad and Tobago,2017.363636,97.9895168,0.9717081749833539,4.858540875,31.0946616,31.094661599467326,Trinidad and Tobago
 Tunisia,2018.0,85.95492561,0.8023555795006605,4.011777898,25.67537854,25.675378544021136,Tunisia
 Turkmenistan,2018.0,97.34614759,0.9626545857216193,4.813272928,30.80494674,30.80494674309182,Turkmenistan
 Turks and Caicos Islands,2019.0,80.6147434,0.7272077241779565,3.636038621,23.27064717,23.27064717369461,Turks and Caicos Islands
 Tuvalu,2018.28,65.24626661,0.5109401840587121,2.55470092,16.35008589,16.350085889878788,Tuvalu
 Uganda,2018.0,40.18591416,0.1582870972928645,0.791435486,5.065187113,5.065187113371664,Uganda
 Ukraine,2018.0,93.70842021,0.9114639333982263,4.557319667,29.16684587,29.16684586874324,Ukraine
 United Arab Emirates,2018.0,99.97324095,0.9996234425832499,4.998117213,31.98795016,31.987950162663996,United Arab Emirates
 United Kingdom,2018.0,99.92632742,0.9989632682621349,4.994816341,31.96682458,31.966824584388316,United Kingdom
 United Republic of Tanzania,2018.0,36.07846411,0.10048643619844976,0.502432181,3.21556596,3.215565958350392,Tanzania
 United States,2018.0,98.2555394,0.9754516854238655,4.877258427,31.21445393,31.214453933563696,United States
 Uruguay,2018.0,99.88129688,0.9983295916623576,4.991647959,31.94654694,31.946546933195442,Uruguay
 Uzbekistan,2018.434783,85.55196423,0.7966850457446826,3.983425228,25.49392146,25.493921463829842,Uzbekistan
 Vanuatu,2018.0,74.28583408,0.6381463507590388,3.190731754,20.42068322,20.42068322428924,Vanuatu
 Venezuela ,2018.0,94.5125532,0.9227798149948456,4.613899075,29.52895408,29.52895407983506,Venezuela
 Viet Nam,2018.0,79.45697386,0.7109154153263917,3.554577077,22.74929329,22.749293290444534,Vietnam
 Virgin Islands U.S.,2017.0,98.32713278,0.9764591583434653,4.882295792,31.24669307,31.24669306699089,United States Virgin Islands
 Yemen,2017.230769,74.63497101,0.6430594586777765,3.215297294,20.57790268,20.577902677688847,Yemen
 Zambia,2018.0,44.74369595,0.2224248950455322,1.112124475,7.11759664,7.11759664145703,Zambia
 Zimbabwe,2018.0,48.80059895,0.279514250373399,1.397571252,8.944456013,8.944456011948768,Zimbabwe
Hong Kong,2018.0,99.98674006,0.9998134041099119,4.999067021,31.99402893,31.99402893151718,Hong Kong
Macao,2018.0,99.99949701,0.9999929218483073,4.999964609,31.9997735,31.999773499145835,Macau
