country,year,water_pct,norm_water,norm_water_withpts,norm_water_withpts_log5
 Gibraltar,2018,100,1,5,32
 Monaco,2018,100,1,5,32
 Singapore,2018,100,1,5,32
 Liechtenstein,2018,100,1,5,32
 San Marino,2018,100,1,5,32
 Faroe Islands,2018,100,1,5,32
 Kuwait,2018,100,1,5,32
 Greenland,2018,100,1,5,32
Macao,2018,99.99949701,0.999992922,4.999964609,31.9997735
Hong Kong,2018,99.98674006,0.999813404,4.999067021,31.99402893
 The Netherlands ,2018,99.9863085,0.999807331,4.999036655,31.99383459
 United Arab Emirates,2018,99.97324095,0.999623443,4.998117213,31.98795016
 Australia,2018,99.96893926,0.999562909,4.997814543,31.98601307
 Saint Bartholemy,2018,99.96845941,0.999556156,4.99778078,31.98579699
 Cook Islands,2018,99.96496607,0.999506997,4.997534986,31.98422391
 Germany,2018,99.95299308,0.999338511,4.996692557,31.97883237
 United Kingdom,2018,99.92632742,0.998963268,4.994816341,31.96682458
 Malta,2018,99.92147566,0.998894994,4.994474968,31.96463979
 Mauritius,2018,99.91658429,0.998826162,4.994130808,31.96243717
 Bermuda,2018,99.90314002,0.998636972,4.993184858,31.95638309
 Brunei Darussalam,2018,99.9000434,0.998593396,4.992966978,31.95498866
 Uruguay,2018,99.88129688,0.998329592,4.991647959,31.94654694
 British Virgin Islands,2018,99.86438356,0.998091585,4.990457924,31.93893072
 Belgium,2018,99.85309253,0.997932696,4.989663478,31.93384626
 Finland,2018,99.80308142,0.997228932,4.986144659,31.91132582
 Israel,2018,99.76434859,0.996683878,4.983419388,31.89388408
 Denmark,2018,99.75142052,0.996501952,4.982509759,31.88806246
 Spain,2018,99.74100159,0.996355335,4.981776675,31.88337072
 Luxembourg,2018,99.72740585,0.996164014,4.980820069,31.87724844
 Sweden,2018,99.69497971,0.995707708,4.978538541,31.86264666
 Iceland,2018,99.64410018,0.994991724,4.974958618,31.83973516
 Cyprus,2018,99.61867072,0.994633876,4.973169382,31.82828404
 France,2018,99.61847794,0.994631164,4.973155818,31.82819723
 Tokelau,2018,99.61498011,0.994581942,4.972909708,31.82662213
 Bahrain,2018,99.61095803,0.994525342,4.972626711,31.82481095
 Slovakia,2018,99.52116377,0.993261744,4.966308719,31.7843758
 Norway,2018,99.52012485,0.993247124,4.96623562,31.78390797
 Greece,2018,99.51864376,0.993226282,4.966131409,31.78324102
 Curaco,2015.5,99.49775185,0.992932288,4.964661439,31.77383321
 Austria,2018,99.45205888,0.992289289,4.961446446,31.75325726
 Guam,2018,99.37749587,0.991240027,4.956200136,31.71968087
 Saudi Arabia,2018.5,99.32836333,0.990548627,4.952743134,31.69755606
 Martinique,2018,99.31970214,0.990426745,4.952133726,31.69365585
 Republic of Korea,2018,99.2891603,0.989996956,4.949984779,31.67990258
 Chile,2018,99.23101771,0.989178764,4.945893822,31.65372046
 Puerto Rico,2018,99.09721732,0.987295905,4.936479525,31.59346896
 Canada,2018,99.085957,0.987137448,4.93568724,31.58839834
 Argentina,2015,98.98230999,0.985678912,4.928394558,31.54172517
 Libya,2018,98.92489097,0.984870902,4.924354512,31.51586888
 Czechia,2018,98.88108501,0.984254458,4.921272291,31.49614267
 Bahamas,2016.5,98.87983311,0.984236841,4.921184207,31.49557892
 Isle of Man,2018,98.84600364,0.983760788,4.91880394,31.48034521
 Japan,2018,98.76609062,0.98263624,4.913181199,31.44435967
 Türkiye,2018,98.68838339,0.981542732,4.907713659,31.40936742
" Bonaire, Sint Eustatius and Saba",2018,98.66824483,0.981259339,4.906296695,31.40029885
 Saint Kitts and Nevis,2015.5,98.61185413,0.9804658,4.902329002,31.37490561
 New Zealand,2018,98.50749992,0.978997312,4.89498656,31.32791399
 Qatar,2018,98.43356106,0.977956833,4.889784166,31.29461866
 Estonia,2018,98.42604717,0.977851097,4.889255483,31.29123509
 Antigua and Barbuda,2018,98.36514458,0.976994066,4.884970331,31.26381012
 Switzerland,2018,98.34999917,0.976780938,4.883904689,31.25699001
 Virgin Islands U.S.,2017,98.32713278,0.976459158,4.882295792,31.24669307
 Guadeloupe,2018,98.30785511,0.97618788,4.8809394,31.23801216
 Saint Martin (French part),2018,98.29757472,0.976043213,4.880216064,31.23338281
 United States,2018,98.2555394,0.975451685,4.877258427,31.21445393
 Slovenia,2018,98.19757223,0.974635963,4.873179813,31.1883508
 Réunion,2018,98.09539029,0.973198043,4.865990214,31.14233737
 Montserrat,2018,98.07437366,0.972902294,4.864511468,31.1328734
 Trinidad and Tobago,2017.363636,97.9895168,0.971708175,4.858540875,31.0946616
 Hungary,2018,97.90296343,0.970490183,4.852450914,31.05568585
 Bulgaria,2018,97.73069497,0.968065995,4.840329974,30.97811183
 Saint Vincent and the Grenadines,2016,97.71667431,0.967868694,4.83934347,30.97179821
 Maldives,2017.764706,97.68616335,0.967439339,4.837196696,30.95805885
 Latvia,2018,97.66907279,0.967198838,4.835994191,30.95036282
 New Caledonia,2018,97.4779087,0.964508748,4.82254374,30.86427994
 Turkmenistan,2018,97.34614759,0.962654586,4.813272928,30.80494674
 Portugal,2018,97.03479952,0.958273248,4.791366242,30.66474395
 Botswana,2018,97.02339059,0.9581127,4.790563501,30.6596064
 Nauru,2016.5,97.01533889,0.957999395,4.789996977,30.65598065
 Italy,2018,96.71326188,0.953748522,4.768742609,30.5199527
 Cabo Verde,2018,96.54791497,0.951421735,4.757108675,30.44549552
 Iran ,2018,96.39998389,0.949340026,4.746700132,30.37888085
 China,2018.6,96.25994007,0.947369308,4.736846542,30.31581787
 Barbados,2017.25,96.19134016,0.94640396,4.732019801,30.28492673
 Belarus,2018,96.13284829,0.945580854,4.727904268,30.25858731
 Seychelles,2018,96.12614105,0.945486468,4.727432341,30.25556699
 Ireland,2018,95.8411995,0.941476728,4.707383638,30.12725528
 Niue,2018,95.77068011,0.940484368,4.70242184,30.09549978
 Lithuania,2018,95.73115622,0.939928182,4.699640909,30.07770182
 Cayman Islands,2018,95.64877301,0.938768873,4.693844364,30.04060393
 Panama,2018,95.62642217,0.938454348,4.692271741,30.03053915
 Malaysia,2018,95.58355825,0.937851161,4.689255804,30.01123715
 Saint Lucia,2017.25,95.48677399,0.936489198,4.68244599,29.96765433
 Dominica,2015.5,95.42065606,0.935558776,4.677793882,29.93788084
 Oman,2017.846154,95.34812263,0.934538075,4.672690375,29.9052184
 Andorra,2018,95.31999908,0.934142316,4.67071158,29.89255411
 Sint Maarten,2015.5,95.31117933,0.934018203,4.670091016,29.8885825
 Northern Mariana Islands,2018,95.07352689,0.930673922,4.65336961,29.7815655
 Falkland Islands (Malvinas),2017,95.01859789,0.929900953,4.649504764,29.75683049
 El Salvador,2017.285714,94.89391492,0.928146395,4.640731976,29.70068464
 Egypt,2017.5625,94.7038702,0.925472057,4.627360284,29.61510582
 Bosnia and Herzegovina,2017.571429,94.60757888,0.924117031,4.620585154,29.57174498
 Venezuela ,2018,94.5125532,0.922779815,4.613899075,29.52895408
 Mayotte,2018,94.49034546,0.922467304,4.612336522,29.51895374
 Montenegro,2018,94.47485256,0.922249286,4.611246429,29.51197715
 Kazakhstan,2017.227273,94.37659615,0.920866607,4.604333033,29.46773141
 American Samoa,2017.5,94.36839439,0.92075119,4.603755951,29.46403809
 Belize,2018,94.24368722,0.918996292,4.594981461,29.40788135
" Saint Helena, Ascension and Tristan da Cunha",2018,94.11203111,0.917143607,4.585718037,29.34859543
 Ukraine,2018,93.70842021,0.911463933,4.557319667,29.16684587
 Gabon,2018,93.51510287,0.908743542,4.543717712,29.07979336
 Cuba,2018,93.41611267,0.907350537,4.536752686,29.03521719
 Grenada,2015.5,93.35390602,0.906475156,4.532375779,29.00720499
 North Macedonia,2018,93.15576429,0.903686875,4.518434377,28.91798001
 Channel Islands,2015.5,93.0625,0.902374446,4.51187223,28.87598227
 French Polynesia,2018,92.6092457,0.895996183,4.479980914,28.67187785
 French Guiana,2018,92.53456926,0.894945324,4.474726622,28.63825038
 Palau,2018,92.52710244,0.89484025,4.474201251,28.63488801
 Thailand,2018,92.27633039,0.891311348,4.456556739,28.52196313
 Armenia,2018,92.1241595,0.889169976,4.44584988,28.45343923
 Syrian Arab Republic,2018,91.92135284,0.88631605,4.43158025,28.3621136
 Brazil,2018,91.65935121,0.882629123,4.413145616,28.24413194
 Poland,2018,91.5781881,0.881486984,4.407434918,28.20758347
 Marshall Islands,2017.764706,91.34705981,0.878234511,4.391172556,28.10350436
 Romania,2018,90.97823524,0.873044356,4.365221779,27.93741938
 Jamaica,2017.363636,90.79295897,0.87043712,4.3521856,27.85398784
 Djibouti,2018,90.70138491,0.869148476,4.345742379,27.81275123
 State of Palestine,2018,90.70079956,0.869140239,4.345701194,27.81248764
 Micronesia (Federated States of),2017,90.14041675,0.861254447,4.306272233,27.56014229
 Jordan,2018,89.85667697,0.857261617,4.286308087,27.43237176
 Guyana,2018,88.69029243,0.840848077,4.204240385,26.90713846
 Costa Rica,2018,88.52599958,0.838536123,4.192680615,26.83315594
 Serbia,2017.789474,87.80958981,0.828454696,4.14227348,26.51055027
 Saint Pierre and Miquelon,2017,87.26415,0.820779184,4.10389592,26.26493389
 Kyrgyzstan,2018,86.65147664,0.812157551,4.060787757,25.98904165
 Russian Federation,2018,86.60190715,0.811460002,4.05730001,25.96672006
 Tunisia,2018,85.95492561,0.80235558,4.011777898,25.67537854
 Algeria,2018,85.88565628,0.801380811,4.006904055,25.64418595
 Georgia,2018,85.64379425,0.797977292,3.989886458,25.53527333
 Uzbekistan,2018.434783,85.55196423,0.796685046,3.983425228,25.49392146
 Iraq,2018,83.96675773,0.774377779,3.871888895,24.78008893
 Azerbaijan,2017.545455,83.89854895,0.773417935,3.867089673,24.74937391
 Albania,2018,83.81984159,0.772310353,3.861551764,24.71393129
 Republic of Moldova,2017.571429,83.39126654,0.76627938,3.831396898,24.52094015
 Bhutan,2018,82.96004754,0.7602112,3.801056001,24.32675841
 Ecuador,2018,82.63701001,0.755665367,3.778326836,24.18129175
 India,2018,81.60655093,0.74116459,3.705822952,23.71726689
 Honduras,2018,81.04027778,0.733195909,3.665979543,23.46226908
 Democratic People's Republic of Korea,2018,80.8643517,0.73072025,3.65360125,23.383048
 Paraguay,2017.72,80.67654456,0.728077399,3.640386997,23.29847678
 Turks and Caicos Islands,2019,80.6147434,0.727207724,3.636038621,23.27064717
 Colombia,2018,79.8526758,0.716483793,3.582418966,22.92748138
 Viet Nam,2018,79.45697386,0.710915415,3.554577077,22.74929329
 Samoa,2018.28,77.95940264,0.689841366,3.449206828,22.0749237
 Mexico,2018,77.90792857,0.689117015,3.445585074,22.05174447
 Namibia,2017.230769,77.04421831,0.676962753,3.384813764,21.66280809
 Guatemala,2017.625,75.15468851,0.650373002,3.251865012,20.81193608
 Suriname,2018,75.0932259,0.649508091,3.247540456,20.78425892
 Philippines,2018,74.9226414,0.6471076,3.235538,20.7074432
 Yemen,2017.230769,74.63497101,0.643059459,3.215297294,20.57790268
 Vanuatu,2018,74.28583408,0.638146351,3.190731754,20.42068322
 Lebanon,2018,73.34195804,0.624863984,3.124319918,19.99564748
 Fiji,2018.375,73.14917031,0.622151046,3.110755228,19.90883346
 South Africa,2017.5625,73.10471575,0.621525474,3.107627371,19.88881518
 Sri Lanka,2018.375,72.84904679,0.617927662,3.089638308,19.77368517
 Peru,2018,71.96986822,0.605555727,3.027778636,19.37778327
 Pakistan,2018,71.24164924,0.595308119,2.976540596,19.04985981
 Myanmar,2018,69.63011056,0.572630302,2.86315151,18.32416967
 Tajikistan,2018,69.62954066,0.572622282,2.863111412,18.32391304
 Bangladesh,2018,69.50549641,0.570876713,2.854383565,18.26805481
 Eritrea,2015,69.17346052,0.566204253,2.831021267,18.11853611
 Nicaragua,2017,69.13149002,0.565613638,2.828068191,18.09963642
 Mongolia,2018,68.37923914,0.555027849,2.775139247,17.76089118
 Indonesia,2018,66.3760805,0.526839097,2.634195484,16.8588511
 Tonga,2018.153846,66.06326434,0.5224371,2.612185501,16.71798721
 Comoros,2016,65.88940152,0.519990476,2.599952381,16.63969524
 Tuvalu,2018.28,65.24626661,0.510940184,2.55470092,16.35008589
 Mauritania,2018,64.98904062,0.507320461,2.536602304,16.23425475
 Dominican Republic,2018,63.87142197,0.491593161,2.457965807,15.73098117
 Cambodia,2018,61.3475277,0.456076538,2.280382689,14.59444921
 Sao Tome and Principe,2018,60.50205689,0.444178944,2.220894721,14.21372622
 Congo,2017.227273,59.71960084,0.433168104,2.165840519,13.86137932
 Cameroon,2018.235294,59.60495012,0.431554721,2.157773607,13.80975109
 Bolivia ,2018,59.52066045,0.430368584,2.151842922,13.7717947
 Timor-Leste,2017.5625,58.76052075,0.419671783,2.098358915,13.42949706
 Solomon Islands,2017.071429,58.54928784,0.416699281,2.083496407,13.33437701
 Nepal,2018,57.88217608,0.407311583,2.036557917,13.03397067
 Ghana,2018,56.99414363,0.394815056,1.97407528,12.63408179
 Mozambique,2017.363636,55.35354327,0.371728278,1.858641392,11.89530491
 Eswatini,2017.5625,54.85730145,0.364745088,1.823725441,11.67184282
 Kenya,2018,53.00398875,0.33866499,1.693324951,10.83727969
 Equatorial Guinea,2015.166667,52.89472703,0.337127443,1.685637213,10.78807817
 Lao People's Democratic Republic,2017.846154,52.38865466,0.330005915,1.650029577,10.56018929
 Somalia,2018,51.95002347,0.323833431,1.619167154,10.36266978
 Sudan,2018,51.76087427,0.321171694,1.605858472,10.27749422
 Guinea,2018,50.22304824,0.299531173,1.497655864,9.584997531
 Mali,2018,49.61716771,0.29100513,1.45502565,9.312164161
 Gambia,2018,49.33768462,0.287072202,1.435361008,9.18631045
 Haiti,2018,49.11279314,0.283907494,1.419537472,9.085039822
 Zimbabwe,2018,48.80059895,0.27951425,1.397571252,8.944456013
 Rwanda,2018,48.21614841,0.271289774,1.356448868,8.681272757
 Kiribati,2018.153846,48.19246649,0.270956518,1.35478259,8.670608576
 Côte d'Ivoire,2018,46.86389146,0.252260608,1.261303042,8.072339466
 Nigeria,2018,45.35020741,0.230959816,1.154799082,7.390714128
 Zambia,2018,44.74369595,0.222424895,1.112124475,7.11759664
 Senegal,2018,44.03201802,0.212410055,1.062050276,6.797121764
 Burundi,2018,43.38852389,0.203354708,1.01677354,6.507350653
 Burkina Faso,2018,42.97643941,0.197555793,0.987778963,6.321785363
 South Sudan,2018.235294,42.712079,0.193835673,0.969178363,6.202741525
 Benin,2018,42.56033585,0.19170032,0.9585016,6.134410241
 Niger,2018,42.42600928,0.189810056,0.94905028,6.073921795
 Liberia,2018,42.22297758,0.186952963,0.934764816,5.982494824
 Uganda,2018,40.18591416,0.158287097,0.791435486,5.065187113
 Malawi,2018,39.64565474,0.150684485,0.753422424,4.821903511
 Papua New Guinea,2018,38.9501944,0.140897861,0.704489306,4.508731556
 Lesotho,2018,38.08257703,0.128688618,0.643443088,4.118035764
 Guinea-Bissau,2018,37.21367809,0.11646134,0.582306699,3.726762872
 United Republic of Tanzania,2018,36.07846411,0.100486436,0.502432181,3.21556596
 Togo,2018,35.34554017,0.090172619,0.450863096,2.885523813
 Madagascar,2018,32.43878108,0.049268264,0.246341319,1.576584438
 Sierra Leone,2018,31.10375112,0.030481519,0.152407596,0.975408617
 Chad,2018,30.52929526,0.022397689,0.111988445,0.716726051
 Central African Republic,2018,30.02174913,0.015255423,0.076277114,0.488173533
 Ethiopia,2018,29.81572587,0.012356232,0.061781161,0.395399432
 Democratic Republic of the Congo,2018,28.93766313,0,0,0
